자치구별,주택종류별,시점,합계
서울시,계,2005 년,2242149
서울시,계,2010 년,2446508
서울시,계,2015 년,2793244
서울시,계,2016 년,2830857
서울시,계,2017 년,2866845
서울시,계,2018 년,2894078
서울시,계,2019 년,2953964
서울시,계,2020 년,3015371
서울시,계,2021 년,3068494
서울시,계,2022 년,3111323
서울시,단독주택,2005 년,443806
서울시,단독주택,2010 년,397103
서울시,단독주택,2015 년,355039
서울시,단독주택,2016 년,345269
서울시,단독주택,2017 년,331863
서울시,단독주택,2018 년,322453
서울시,단독주택,2019 년,315566
서울시,단독주택,2020 년,307075
서울시,단독주택,2021 년,299473
서울시,단독주택,2022 년,293489
서울시,아파트,2005 년,1217308
서울시,아파트,2010 년,1441769
서울시,아파트,2015 년,1636896
서울시,아파트,2016 년,1641383
서울시,아파트,2017 년,1665922
서울시,아파트,2018 년,1679639
서울시,아파트,2019 년,1720691
서울시,아파트,2020 년,1772670
서울시,아파트,2021 년,1818214
서울시,아파트,2022 년,1851242
서울시,연립주택,2005 년,140016
서울시,연립주택,2010 년,140451
서울시,연립주택,2015 년,117235
서울시,연립주택,2016 년,116106
서울시,연립주택,2017 년,114352
서울시,연립주택,2018 년,112372
서울시,연립주택,2019 년,110968
서울시,연립주택,2020 년,110562
서울시,연립주택,2021 년,110239
서울시,연립주택,2022 년,110418
서울시,다세대주택,2005 년,412187
서울시,다세대주택,2010 년,443778
서울시,다세대주택,2015 년,654372
서울시,다세대주택,2016 년,699446
서울시,다세대주택,2017 년,724932
서울시,다세대주택,2018 년,749971
서울시,다세대주택,2019 년,777205
서울시,다세대주택,2020 년,796066
서울시,다세대주택,2021 년,812403
서울시,다세대주택,2022 년,828773
서울시,비거주용 건물내 주택,2005 년,28832
서울시,비거주용 건물내 주택,2010 년,23407
서울시,비거주용 건물내 주택,2015 년,29702
서울시,비거주용 건물내 주택,2016 년,28653
서울시,비거주용 건물내 주택,2017 년,29776
서울시,비거주용 건물내 주택,2018 년,29643
서울시,비거주용 건물내 주택,2019 년,29534
서울시,비거주용 건물내 주택,2020 년,28998
서울시,비거주용 건물내 주택,2021 년,28165
서울시,비거주용 건물내 주택,2022 년,27401
종로구,계,2005 년,36748
종로구,계,2010 년,39727
종로구,계,2015 년,43550
종로구,계,2016 년,43554
종로구,계,2017 년,45787
종로구,계,2018 년,45729
종로구,계,2019 년,46440
종로구,계,2020 년,46859
종로구,계,2021 년,46885
종로구,계,2022 년,46810
종로구,단독주택,2005 년,14343
종로구,단독주택,2010 년,13784
종로구,단독주택,2015 년,13103
종로구,단독주택,2016 년,12991
종로구,단독주택,2017 년,12920
종로구,단독주택,2018 년,12699
종로구,단독주택,2019 년,12421
종로구,단독주택,2020 년,12259
종로구,단독주택,2021 년,11987
종로구,단독주택,2022 년,11823
종로구,아파트,2005 년,7669
종로구,아파트,2010 년,10667
종로구,아파트,2015 년,12552
종로구,아파트,2016 년,12462
종로구,아파트,2017 년,14507
종로구,아파트,2018 년,14530
종로구,아파트,2019 년,15290
종로구,아파트,2020 년,15688
종로구,아파트,2021 년,15775
종로구,아파트,2022 년,15923
종로구,연립주택,2005 년,4440
종로구,연립주택,2010 년,5330
종로구,연립주택,2015 년,5395
종로구,연립주택,2016 년,5410
종로구,연립주택,2017 년,5451
종로구,연립주택,2018 년,5428
종로구,연립주택,2019 년,5459
종로구,연립주택,2020 년,5460
종로구,연립주택,2021 년,5490
종로구,연립주택,2022 년,5532
종로구,다세대주택,2005 년,9357
종로구,다세대주택,2010 년,9238
종로구,다세대주택,2015 년,11664
종로구,다세대주택,2016 년,11872
종로구,다세대주택,2017 년,11978
종로구,다세대주택,2018 년,12140
종로구,다세대주택,2019 년,12349
종로구,다세대주택,2020 년,12540
종로구,다세대주택,2021 년,12725
종로구,다세대주택,2022 년,12651
종로구,비거주용 건물내 주택,2005 년,939
종로구,비거주용 건물내 주택,2010 년,708
종로구,비거주용 건물내 주택,2015 년,836
종로구,비거주용 건물내 주택,2016 년,819
종로구,비거주용 건물내 주택,2017 년,931
종로구,비거주용 건물내 주택,2018 년,932
종로구,비거주용 건물내 주택,2019 년,921
종로구,비거주용 건물내 주택,2020 년,912
종로구,비거주용 건물내 주택,2021 년,908
종로구,비거주용 건물내 주택,2022 년,881
중구,계,2005 년,30810
중구,계,2010 년,32520
중구,계,2015 년,37478
중구,계,2016 년,38311
중구,계,2017 년,39512
중구,계,2018 년,40177
중구,계,2019 년,41754
중구,계,2020 년,42234
중구,계,2021 년,42319
중구,계,2022 년,42401
중구,단독주택,2005 년,9103
중구,단독주택,2010 년,7624
중구,단독주택,2015 년,6436
중구,단독주택,2016 년,6364
중구,단독주택,2017 년,6308
중구,단독주택,2018 년,6209
중구,단독주택,2019 년,6035
중구,단독주택,2020 년,5967
중구,단독주택,2021 년,5865
중구,단독주택,2022 년,5751
중구,아파트,2005 년,13437
중구,아파트,2010 년,17141
중구,아파트,2015 년,22186
중구,아파트,2016 년,22923
중구,아파트,2017 년,23874
중구,아파트,2018 년,24417
중구,아파트,2019 년,25823
중구,아파트,2020 년,26102
중구,아파트,2021 년,26327
중구,아파트,2022 년,26366
중구,연립주택,2005 년,1895
중구,연립주택,2010 년,1804
중구,연립주택,2015 년,1975
중구,연립주택,2016 년,1955
중구,연립주택,2017 년,1948
중구,연립주택,2018 년,1944
중구,연립주택,2019 년,1940
중구,연립주택,2020 년,1944
중구,연립주택,2021 년,1896
중구,연립주택,2022 년,1879
중구,다세대주택,2005 년,5350
중구,다세대주택,2010 년,5210
중구,다세대주택,2015 년,6148
중구,다세대주택,2016 년,6333
중구,다세대주택,2017 년,6491
중구,다세대주택,2018 년,6719
중구,다세대주택,2019 년,7095
중구,다세대주택,2020 년,7352
중구,다세대주택,2021 년,7370
중구,다세대주택,2022 년,7572
중구,비거주용 건물내 주택,2005 년,1025
중구,비거주용 건물내 주택,2010 년,741
중구,비거주용 건물내 주택,2015 년,733
중구,비거주용 건물내 주택,2016 년,736
중구,비거주용 건물내 주택,2017 년,891
중구,비거주용 건물내 주택,2018 년,888
중구,비거주용 건물내 주택,2019 년,861
중구,비거주용 건물내 주택,2020 년,869
중구,비거주용 건물내 주택,2021 년,861
중구,비거주용 건물내 주택,2022 년,833
용산구,계,2005 년,49952
용산구,계,2010 년,60167
용산구,계,2015 년,70723
용산구,계,2016 년,70868
용산구,계,2017 년,71356
용산구,계,2018 년,71680
용산구,계,2019 년,72463
용산구,계,2020 년,74542
용산구,계,2021 년,75739
용산구,계,2022 년,77116
용산구,단독주택,2005 년,17134
용산구,단독주택,2010 년,15650
용산구,단독주택,2015 년,15503
용산구,단독주택,2016 년,15302
용산구,단독주택,2017 년,14993
용산구,단독주택,2018 년,14792
용산구,단독주택,2019 년,14487
용산구,단독주택,2020 년,14064
용산구,단독주택,2021 년,13716
용산구,단독주택,2022 년,13450
용산구,아파트,2005 년,21446
용산구,아파트,2010 년,28872
용산구,아파트,2015 년,35343
용산구,아파트,2016 년,35310
용산구,아파트,2017 년,35648
용산구,아파트,2018 년,35728
용산구,아파트,2019 년,36181
용산구,아파트,2020 년,37676
용산구,아파트,2021 년,38631
용산구,아파트,2022 년,39805
용산구,연립주택,2005 년,2623
용산구,연립주택,2010 년,3888
용산구,연립주택,2015 년,4029
용산구,연립주택,2016 년,3974
용산구,연립주택,2017 년,3985
용산구,연립주택,2018 년,3996
용산구,연립주택,2019 년,3959
용산구,연립주택,2020 년,3969
용산구,연립주택,2021 년,3911
용산구,연립주택,2022 년,3887
용산구,다세대주택,2005 년,8131
용산구,다세대주택,2010 년,11105
용산구,다세대주택,2015 년,15206
용산구,다세대주택,2016 년,15653
용산구,다세대주택,2017 년,15988
용산구,다세대주택,2018 년,16416
용산구,다세대주택,2019 년,17107
용산구,다세대주택,2020 년,18124
용산구,다세대주택,2021 년,18785
용산구,다세대주택,2022 년,19309
용산구,비거주용 건물내 주택,2005 년,618
용산구,비거주용 건물내 주택,2010 년,652
용산구,비거주용 건물내 주택,2015 년,642
용산구,비거주용 건물내 주택,2016 년,629
용산구,비거주용 건물내 주택,2017 년,742
용산구,비거주용 건물내 주택,2018 년,748
용산구,비거주용 건물내 주택,2019 년,729
용산구,비거주용 건물내 주택,2020 년,709
용산구,비거주용 건물내 주택,2021 년,696
용산구,비거주용 건물내 주택,2022 년,665
성동구,계,2005 년,73378
성동구,계,2010 년,71555
성동구,계,2015 년,82331
성동구,계,2016 년,80977
성동구,계,2017 년,86650
성동구,계,2018 년,87830
성동구,계,2019 년,91037
성동구,계,2020 년,91329
성동구,계,2021 년,91033
성동구,계,2022 년,90740
성동구,단독주택,2005 년,16668
성동구,단독주택,2010 년,13784
성동구,단독주택,2015 년,11250
성동구,단독주택,2016 년,11155
성동구,단독주택,2017 년,11044
성동구,단독주택,2018 년,10944
성동구,단독주택,2019 년,10782
성동구,단독주택,2020 년,10525
성동구,단독주택,2021 년,9916
성동구,단독주택,2022 년,9410
성동구,아파트,2005 년,42017
성동구,아파트,2010 년,46539
성동구,아파트,2015 년,59331
성동구,아파트,2016 년,57548
성동구,아파트,2017 년,62985
성동구,아파트,2018 년,63976
성동구,아파트,2019 년,67058
성동구,아파트,2020 년,67584
성동구,아파트,2021 년,68090
성동구,아파트,2022 년,68125
성동구,연립주택,2005 년,2926
성동구,연립주택,2010 년,2480
성동구,연립주택,2015 년,2076
성동구,연립주택,2016 년,2063
성동구,연립주택,2017 년,2055
성동구,연립주택,2018 년,2032
성동구,연립주택,2019 년,2021
성동구,연립주택,2020 년,1990
성동구,연립주택,2021 년,1976
성동구,연립주택,2022 년,2058
성동구,다세대주택,2005 년,10856
성동구,다세대주택,2010 년,7983
성동구,다세대주택,2015 년,8610
성동구,다세대주택,2016 년,9172
성동구,다세대주택,2017 년,9470
성동구,다세대주택,2018 년,9785
성동구,다세대주택,2019 년,10095
성동구,다세대주택,2020 년,10158
성동구,다세대주택,2021 년,10031
성동구,다세대주택,2022 년,10177
성동구,비거주용 건물내 주택,2005 년,911
성동구,비거주용 건물내 주택,2010 년,769
성동구,비거주용 건물내 주택,2015 년,1064
성동구,비거주용 건물내 주택,2016 년,1039
성동구,비거주용 건물내 주택,2017 년,1096
성동구,비거주용 건물내 주택,2018 년,1093
성동구,비거주용 건물내 주택,2019 년,1081
성동구,비거주용 건물내 주택,2020 년,1072
성동구,비거주용 건물내 주택,2021 년,1020
성동구,비거주용 건물내 주택,2022 년,970
광진구,계,2005 년,63417
광진구,계,2010 년,69351
광진구,계,2015 년,79393
광진구,계,2016 년,82691
광진구,계,2017 년,84316
광진구,계,2018 년,85638
광진구,계,2019 년,89132
광진구,계,2020 년,89832
광진구,계,2021 년,91432
광진구,계,2022 년,93555
광진구,단독주택,2005 년,20022
광진구,단독주택,2010 년,19048
광진구,단독주택,2015 년,17034
광진구,단독주택,2016 년,16566
광진구,단독주택,2017 년,16297
광진구,단독주택,2018 년,16002
광진구,단독주택,2019 년,15786
광진구,단독주택,2020 년,15332
광진구,단독주택,2021 년,15096
광진구,단독주택,2022 년,14901
광진구,아파트,2005 년,23869
광진구,아파트,2010 년,27987
광진구,아파트,2015 년,29880
광진구,아파트,2016 년,30401
광진구,아파트,2017 년,30301
광진구,아파트,2018 년,30425
광진구,아파트,2019 년,32089
광진구,아파트,2020 년,32135
광진구,아파트,2021 년,32571
광진구,아파트,2022 년,33862
광진구,연립주택,2005 년,4063
광진구,연립주택,2010 년,5227
광진구,연립주택,2015 년,4434
광진구,연립주택,2016 년,4293
광진구,연립주택,2017 년,4249
광진구,연립주택,2018 년,4152
광진구,연립주택,2019 년,4068
광진구,연립주택,2020 년,4054
광진구,연립주택,2021 년,4119
광진구,연립주택,2022 년,4158
광진구,다세대주택,2005 년,14170
광진구,다세대주택,2010 년,15886
광진구,다세대주택,2015 년,26561
광진구,다세대주택,2016 년,30003
광진구,다세대주택,2017 년,31970
광진구,다세대주택,2018 년,33565
광진구,다세대주택,2019 년,35697
광진구,다세대주택,2020 년,36858
광진구,다세대주택,2021 년,38226
광진구,다세대주택,2022 년,39240
광진구,비거주용 건물내 주택,2005 년,1293
광진구,비거주용 건물내 주택,2010 년,1203
광진구,비거주용 건물내 주택,2015 년,1484
광진구,비거주용 건물내 주택,2016 년,1428
광진구,비거주용 건물내 주택,2017 년,1499
광진구,비거주용 건물내 주택,2018 년,1494
광진구,비거주용 건물내 주택,2019 년,1492
광진구,비거주용 건물내 주택,2020 년,1453
광진구,비거주용 건물내 주택,2021 년,1420
광진구,비거주용 건물내 주택,2022 년,1394
동대문구,계,2005 년,78376
동대문구,계,2010 년,81728
동대문구,계,2015 년,98203
동대문구,계,2016 년,96464
동대문구,계,2017 년,97891
동대문구,계,2018 년,100802
동대문구,계,2019 년,104821
동대문구,계,2020 년,103520
동대문구,계,2021 년,104287
동대문구,계,2022 년,106441
동대문구,단독주택,2005 년,26873
동대문구,단독주택,2010 년,22600
동대문구,단독주택,2015 년,20799
동대문구,단독주택,2016 년,20325
동대문구,단독주택,2017 년,19954
동대문구,단독주택,2018 년,19484
동대문구,단독주택,2019 년,18990
동대문구,단독주택,2020 년,17120
동대문구,단독주택,2021 년,16388
동대문구,단독주택,2022 년,16110
동대문구,아파트,2005 년,38450
동대문구,아파트,2010 년,46027
동대문구,아파트,2015 년,59534
동대문구,아파트,2016 년,57350
동대문구,아파트,2017 년,58161
동대문구,아파트,2018 년,60386
동대문구,아파트,2019 년,64081
동대문구,아파트,2020 년,65033
동대문구,아파트,2021 년,66512
동대문구,아파트,2022 년,68445
동대문구,연립주택,2005 년,5286
동대문구,연립주택,2010 년,4808
동대문구,연립주택,2015 년,3740
동대문구,연립주택,2016 년,3411
동대문구,연립주택,2017 년,3251
동대문구,연립주택,2018 년,3181
동대문구,연립주택,2019 년,3280
동대문구,연립주택,2020 년,3274
동대문구,연립주택,2021 년,3287
동대문구,연립주택,2022 년,3298
동대문구,다세대주택,2005 년,6229
동대문구,다세대주택,2010 년,7226
동대문구,다세대주택,2015 년,12529
동대문구,다세대주택,2016 년,13770
동대문구,다세대주택,2017 년,14866
동대문구,다세대주택,2018 년,16093
동대문구,다세대주택,2019 년,16834
동대문구,다세대주택,2020 년,16511
동대문구,다세대주택,2021 년,16569
동대문구,다세대주택,2022 년,17090
동대문구,비거주용 건물내 주택,2005 년,1538
동대문구,비거주용 건물내 주택,2010 년,1067
동대문구,비거주용 건물내 주택,2015 년,1601
동대문구,비거주용 건물내 주택,2016 년,1608
동대문구,비거주용 건물내 주택,2017 년,1659
동대문구,비거주용 건물내 주택,2018 년,1658
동대문구,비거주용 건물내 주택,2019 년,1636
동대문구,비거주용 건물내 주택,2020 년,1582
동대문구,비거주용 건물내 주택,2021 년,1531
동대문구,비거주용 건물내 주택,2022 년,1498
중랑구,계,2005 년,78361
중랑구,계,2010 년,84824
중랑구,계,2015 년,99265
중랑구,계,2016 년,102387
중랑구,계,2017 년,103740
중랑구,계,2018 년,105691
중랑구,계,2019 년,107997
중랑구,계,2020 년,112364
중랑구,계,2021 년,114488
중랑구,계,2022 년,118357
중랑구,단독주택,2005 년,24675
중랑구,단독주택,2010 년,23525
중랑구,단독주택,2015 년,21155
중랑구,단독주택,2016 년,20430
중랑구,단독주택,2017 년,19669
중랑구,단독주택,2018 년,19208
중랑구,단독주택,2019 년,18891
중랑구,단독주택,2020 년,18560
중랑구,단독주택,2021 년,17995
중랑구,단독주택,2022 년,17751
중랑구,아파트,2005 년,37277
중랑구,아파트,2010 년,43222
중랑구,아파트,2015 년,50078
중랑구,아파트,2016 년,50343
중랑구,아파트,2017 년,51031
중랑구,아파트,2018 년,51475
중랑구,아파트,2019 년,52162
중랑구,아파트,2020 년,55499
중랑구,아파트,2021 년,56651
중랑구,아파트,2022 년,59121
중랑구,연립주택,2005 년,6578
중랑구,연립주택,2010 년,6435
중랑구,연립주택,2015 년,4943
중랑구,연립주택,2016 년,4850
중랑구,연립주택,2017 년,4578
중랑구,연립주택,2018 년,4451
중랑구,연립주택,2019 년,4440
중랑구,연립주택,2020 년,4466
중랑구,연립주택,2021 년,4423
중랑구,연립주택,2022 년,4466
중랑구,다세대주택,2005 년,8402
중랑구,다세대주택,2010 년,10420
중랑구,다세대주택,2015 년,21543
중랑구,다세대주택,2016 년,25272
중랑구,다세대주택,2017 년,26949
중랑구,다세대주택,2018 년,29040
중랑구,다세대주택,2019 년,30958
중랑구,다세대주택,2020 년,32303
중랑구,다세대주택,2021 년,33916
중랑구,다세대주택,2022 년,35535
중랑구,비거주용 건물내 주택,2005 년,1429
중랑구,비거주용 건물내 주택,2010 년,1222
중랑구,비거주용 건물내 주택,2015 년,1546
중랑구,비거주용 건물내 주택,2016 년,1492
중랑구,비거주용 건물내 주택,2017 년,1513
중랑구,비거주용 건물내 주택,2018 년,1517
중랑구,비거주용 건물내 주택,2019 년,1546
중랑구,비거주용 건물내 주택,2020 년,1536
중랑구,비거주용 건물내 주택,2021 년,1503
중랑구,비거주용 건물내 주택,2022 년,1484
성북구,계,2005 년,100901
성북구,계,2010 년,116563
성북구,계,2015 년,128046
성북구,계,2016 년,128502
성북구,계,2017 년,130766
성북구,계,2018 년,129994
성북구,계,2019 년,136437
성북구,계,2020 년,138621
성북구,계,2021 년,140138
성북구,계,2022 년,142602
성북구,단독주택,2005 년,33053
성북구,단독주택,2010 년,28856
성북구,단독주택,2015 년,27180
성북구,단독주택,2016 년,25928
성북구,단독주택,2017 년,25457
성북구,단독주택,2018 년,24207
성북구,단독주택,2019 년,23156
성북구,단독주택,2020 년,22520
성북구,단독주택,2021 년,21661
성북구,단독주택,2022 년,20892
성북구,아파트,2005 년,43563
성북구,아파트,2010 년,62722
성북구,아파트,2015 년,69725
성북구,아파트,2016 년,69981
성북구,아파트,2017 년,71571
성북구,아파트,2018 년,71754
성북구,아파트,2019 년,77457
성북구,아파트,2020 년,79206
성북구,아파트,2021 년,80967
성북구,아파트,2022 년,83701
성북구,연립주택,2005 년,7229
성북구,연립주택,2010 년,5805
성북구,연립주택,2015 년,6518
성북구,연립주택,2016 년,6376
성북구,연립주택,2017 년,6321
성북구,연립주택,2018 년,6097
성북구,연립주택,2019 년,6044
성북구,연립주택,2020 년,6262
성북구,연립주택,2021 년,6230
성북구,연립주택,2022 년,6146
성북구,다세대주택,2005 년,15549
성북구,다세대주택,2010 년,18019
성북구,다세대주택,2015 년,23097
성북구,다세대주택,2016 년,24748
성북구,다세대주택,2017 년,25902
성북구,다세대주택,2018 년,26446
성북구,다세대주택,2019 년,28315
성북구,다세대주택,2020 년,29213
성북구,다세대주택,2021 년,29900
성북구,다세대주택,2022 년,30510
성북구,비거주용 건물내 주택,2005 년,1507
성북구,비거주용 건물내 주택,2010 년,1161
성북구,비거주용 건물내 주택,2015 년,1526
성북구,비거주용 건물내 주택,2016 년,1469
성북구,비거주용 건물내 주택,2017 년,1515
성북구,비거주용 건물내 주택,2018 년,1490
성북구,비거주용 건물내 주택,2019 년,1465
성북구,비거주용 건물내 주택,2020 년,1420
성북구,비거주용 건물내 주택,2021 년,1380
성북구,비거주용 건물내 주택,2022 년,1353
강북구,계,2005 년,76840
강북구,계,2010 년,81296
강북구,계,2015 년,91806
강북구,계,2016 년,93623
강북구,계,2017 년,94526
강북구,계,2018 년,95097
강북구,계,2019 년,97070
강북구,계,2020 년,97452
강북구,계,2021 년,97840
강북구,계,2022 년,99477
강북구,단독주택,2005 년,23587
강북구,단독주택,2010 년,21175
강북구,단독주택,2015 년,19393
강북구,단독주택,2016 년,18870
강북구,단독주택,2017 년,18369
강북구,단독주택,2018 년,18185
강북구,단독주택,2019 년,18017
강북구,단독주택,2020 년,17557
강북구,단독주택,2021 년,17261
강북구,단독주택,2022 년,17134
강북구,아파트,2005 년,24668
강북구,아파트,2010 년,29635
강북구,아파트,2015 년,32651
강북구,아파트,2016 년,32652
강북구,아파트,2017 년,33458
강북구,아파트,2018 년,33282
강북구,아파트,2019 년,34590
강북구,아파트,2020 년,34733
강북구,아파트,2021 년,34875
강북구,아파트,2022 년,35997
강북구,연립주택,2005 년,5633
강북구,연립주택,2010 년,5108
강북구,연립주택,2015 년,4854
강북구,연립주택,2016 년,4915
강북구,연립주택,2017 년,4882
강북구,연립주택,2018 년,4881
강북구,연립주택,2019 년,4748
강북구,연립주택,2020 년,4789
강북구,연립주택,2021 년,4834
강북구,연립주택,2022 년,4867
강북구,다세대주택,2005 년,21977
강북구,다세대주택,2010 년,24473
강북구,다세대주택,2015 년,33820
강북구,다세대주택,2016 년,36136
강북구,다세대주택,2017 년,36743
강북구,다세대주택,2018 년,37671
강북구,다세대주택,2019 년,38645
강북구,다세대주택,2020 년,39331
강북구,다세대주택,2021 년,39859
강북구,다세대주택,2022 년,40483
강북구,비거주용 건물내 주택,2005 년,975
강북구,비거주용 건물내 주택,2010 년,905
강북구,비거주용 건물내 주택,2015 년,1088
강북구,비거주용 건물내 주택,2016 년,1050
강북구,비거주용 건물내 주택,2017 년,1074
강북구,비거주용 건물내 주택,2018 년,1078
강북구,비거주용 건물내 주택,2019 년,1070
강북구,비거주용 건물내 주택,2020 년,1042
강북구,비거주용 건물내 주택,2021 년,1011
강북구,비거주용 건물내 주택,2022 년,996
도봉구,계,2005 년,92446
도봉구,계,2010 년,95061
도봉구,계,2015 년,102443
도봉구,계,2016 년,104170
도봉구,계,2017 년,104752
도봉구,계,2018 년,105526
도봉구,계,2019 년,106641
도봉구,계,2020 년,107156
도봉구,계,2021 년,107959
도봉구,계,2022 년,109190
도봉구,단독주택,2005 년,11321
도봉구,단독주택,2010 년,10487
도봉구,단독주택,2015 년,9404
도봉구,단독주택,2016 년,9237
도봉구,단독주택,2017 년,9014
도봉구,단독주택,2018 년,8903
도봉구,단독주택,2019 년,8835
도봉구,단독주택,2020 년,8634
도봉구,단독주택,2021 년,8449
도봉구,단독주택,2022 년,8381
도봉구,아파트,2005 년,60723
도봉구,아파트,2010 년,62500
도봉구,아파트,2015 년,64082
도봉구,아파트,2016 년,64269
도봉구,아파트,2017 년,64352
도봉구,아파트,2018 년,64580
도봉구,아파트,2019 년,64955
도봉구,아파트,2020 년,65032
도봉구,아파트,2021 년,65305
도봉구,아파트,2022 년,65664
도봉구,연립주택,2005 년,6132
도봉구,연립주택,2010 년,5241
도봉구,연립주택,2015 년,4242
도봉구,연립주택,2016 년,4354
도봉구,연립주택,2017 년,4235
도봉구,연립주택,2018 년,4176
도봉구,연립주택,2019 년,4131
도봉구,연립주택,2020 년,4144
도봉구,연립주택,2021 년,4201
도봉구,연립주택,2022 년,4229
도봉구,다세대주택,2005 년,13715
도봉구,다세대주택,2010 년,16295
도봉구,다세대주택,2015 년,24014
도봉구,다세대주택,2016 년,25607
도봉구,다세대주택,2017 년,26422
도봉구,다세대주택,2018 년,27138
도봉구,다세대주택,2019 년,27986
도봉구,다세대주택,2020 년,28620
도봉구,다세대주택,2021 년,29289
도봉구,다세대주택,2022 년,30210
도봉구,비거주용 건물내 주택,2005 년,555
도봉구,비거주용 건물내 주택,2010 년,538
도봉구,비거주용 건물내 주택,2015 년,701
도봉구,비거주용 건물내 주택,2016 년,703
도봉구,비거주용 건물내 주택,2017 년,729
도봉구,비거주용 건물내 주택,2018 년,729
도봉구,비거주용 건물내 주택,2019 년,734
도봉구,비거주용 건물내 주택,2020 년,726
도봉구,비거주용 건물내 주택,2021 년,715
도봉구,비거주용 건물내 주택,2022 년,706
노원구,계,2005 년,174826
노원구,계,2010 년,179602
노원구,계,2015 년,186626
노원구,계,2016 년,189013
노원구,계,2017 년,187025
노원구,계,2018 년,186533
노원구,계,2019 년,187376
노원구,계,2020 년,189213
노원구,계,2021 년,190352
노원구,계,2022 년,192022
노원구,단독주택,2005 년,9072
노원구,단독주택,2010 년,8629
노원구,단독주택,2015 년,8143
노원구,단독주택,2016 년,7990
노원구,단독주택,2017 년,7081
노원구,단독주택,2018 년,6783
노원구,단독주택,2019 년,6680
노원구,단독주택,2020 년,6619
노원구,단독주택,2021 년,6553
노원구,단독주택,2022 년,6519
노원구,아파트,2005 년,152326
노원구,아파트,2010 년,157175
노원구,아파트,2015 년,160725
노원구,아파트,2016 년,162895
노원구,아파트,2017 년,161701
노원구,아파트,2018 년,161273
노원구,아파트,2019 년,161873
노원구,아파트,2020 년,163502
노원구,아파트,2021 년,164583
노원구,아파트,2022 년,166131
노원구,연립주택,2005 년,4585
노원구,연립주택,2010 년,4486
노원구,연립주택,2015 년,3536
노원구,연립주택,2016 년,3541
노원구,연립주택,2017 년,3508
노원구,연립주택,2018 년,3467
노원구,연립주택,2019 년,3440
노원구,연립주택,2020 년,3448
노원구,연립주택,2021 년,3444
노원구,연립주택,2022 년,3487
노원구,다세대주택,2005 년,8070
노원구,다세대주택,2010 년,8737
노원구,다세대주택,2015 년,13471
노원구,다세대주택,2016 년,13887
노원구,다세대주택,2017 년,14025
노원구,다세대주택,2018 년,14312
노원구,다세대주택,2019 년,14684
노원구,다세대주택,2020 년,14948
노원구,다세대주택,2021 년,15089
노원구,다세대주택,2022 년,15212
노원구,비거주용 건물내 주택,2005 년,773
노원구,비거주용 건물내 주택,2010 년,575
노원구,비거주용 건물내 주택,2015 년,751
노원구,비거주용 건물내 주택,2016 년,700
노원구,비거주용 건물내 주택,2017 년,710
노원구,비거주용 건물내 주택,2018 년,698
노원구,비거주용 건물내 주택,2019 년,699
노원구,비거주용 건물내 주택,2020 년,696
노원구,비거주용 건물내 주택,2021 년,683
노원구,비거주용 건물내 주택,2022 년,673
은평구,계,2005 년,105134
은평구,계,2010 년,117941
은평구,계,2015 년,140330
은평구,계,2016 년,142135
은평구,계,2017 년,143727
은평구,계,2018 년,144611
은평구,계,2019 년,148557
은평구,계,2020 년,150658
은평구,계,2021 년,156710
은평구,계,2022 년,160630
은평구,단독주택,2005 년,26014
은평구,단독주택,2010 년,21399
은평구,단독주택,2015 년,18582
은평구,단독주택,2016 년,17678
은평구,단독주택,2017 년,16416
은평구,단독주택,2018 년,16000
은평구,단독주택,2019 년,15146
은평구,단독주택,2020 년,14937
은평구,단독주택,2021 년,14627
은평구,단독주택,2022 년,14469
은평구,아파트,2005 년,18910
은평구,아파트,2010 년,35487
은평구,아파트,2015 년,50419
은평구,아파트,2016 년,50677
은평구,아파트,2017 년,52000
은평구,아파트,2018 년,52607
은평구,아파트,2019 년,57712
은평구,아파트,2020 년,59438
은평구,아파트,2021 년,64712
은평구,아파트,2022 년,67705
은평구,연립주택,2005 년,8566
은평구,연립주택,2010 년,7780
은평구,연립주택,2015 년,6886
은평구,연립주택,2016 년,6696
은평구,연립주택,2017 년,6595
은평구,연립주택,2018 년,6297
은평구,연립주택,2019 년,5914
은평구,연립주택,2020 년,5830
은평구,연립주택,2021 년,5842
은평구,연립주택,2022 년,5831
은평구,다세대주택,2005 년,50260
은평구,다세대주택,2010 년,52187
은평구,다세대주택,2015 년,63059
은평구,다세대주택,2016 년,65756
은평구,다세대주택,2017 년,67371
은평구,다세대주택,2018 년,68390
은평구,다세대주택,2019 년,68514
은평구,다세대주택,2020 년,69210
은평구,다세대주택,2021 년,70307
은평구,다세대주택,2022 년,71420
은평구,비거주용 건물내 주택,2005 년,1384
은평구,비거주용 건물내 주택,2010 년,1088
은평구,비거주용 건물내 주택,2015 년,1384
은평구,비거주용 건물내 주택,2016 년,1328
은평구,비거주용 건물내 주택,2017 년,1345
은평구,비거주용 건물내 주택,2018 년,1317
은평구,비거주용 건물내 주택,2019 년,1271
은평구,비거주용 건물내 주택,2020 년,1243
은평구,비거주용 건물내 주택,2021 년,1222
은평구,비거주용 건물내 주택,2022 년,1205
서대문구,계,2005 년,78141
서대문구,계,2010 년,79217
서대문구,계,2015 년,92885
서대문구,계,2016 년,92788
서대문구,계,2017 년,94398
서대문구,계,2018 년,94884
서대문구,계,2019 년,97616
서대문구,계,2020 년,101036
서대문구,계,2021 년,102024
서대문구,계,2022 년,105047
서대문구,단독주택,2005 년,21917
서대문구,단독주택,2010 년,17925
서대문구,단독주택,2015 년,15568
서대문구,단독주택,2016 년,14981
서대문구,단독주택,2017 년,13939
서대문구,단독주택,2018 년,13378
서대문구,단독주택,2019 년,12958
서대문구,단독주택,2020 년,12600
서대문구,단독주택,2021 년,12356
서대문구,단독주택,2022 년,12239
서대문구,아파트,2005 년,29509
서대문구,아파트,2010 년,35017
서대문구,아파트,2015 년,45340
서대문구,아파트,2016 년,44866
서대문구,아파트,2017 년,47445
서대문구,아파트,2018 년,48277
서대문구,아파트,2019 년,50747
서대문구,아파트,2020 년,54132
서대문구,아파트,2021 년,55231
서대문구,아파트,2022 년,57952
서대문구,연립주택,2005 년,5621
서대문구,연립주택,2010 년,6352
서대문구,연립주택,2015 년,5762
서대문구,연립주택,2016 년,5727
서대문구,연립주택,2017 년,5630
서대문구,연립주택,2018 년,5486
서대문구,연립주택,2019 년,5477
서대문구,연립주택,2020 년,5461
서대문구,연립주택,2021 년,5440
서대문구,연립주택,2022 년,5457
서대문구,다세대주택,2005 년,19982
서대문구,다세대주택,2010 년,19157
서대문구,다세대주택,2015 년,25250
서대문구,다세대주택,2016 년,26294
서대문구,다세대주택,2017 년,26418
서대문구,다세대주택,2018 년,26783
서대문구,다세대주택,2019 년,27489
서대문구,다세대주택,2020 년,27910
서대문구,다세대주택,2021 년,28094
서대문구,다세대주택,2022 년,28507
서대문구,비거주용 건물내 주택,2005 년,1112
서대문구,비거주용 건물내 주택,2010 년,766
서대문구,비거주용 건물내 주택,2015 년,965
서대문구,비거주용 건물내 주택,2016 년,920
서대문구,비거주용 건물내 주택,2017 년,966
서대문구,비거주용 건물내 주택,2018 년,960
서대문구,비거주용 건물내 주택,2019 년,945
서대문구,비거주용 건물내 주택,2020 년,933
서대문구,비거주용 건물내 주택,2021 년,903
서대문구,비거주용 건물내 주택,2022 년,892
마포구,계,2005 년,89094
마포구,계,2010 년,96661
마포구,계,2015 년,116135
마포구,계,2016 년,118456
마포구,계,2017 년,118355
마포구,계,2018 년,118619
마포구,계,2019 년,119298
마포구,계,2020 년,122311
마포구,계,2021 년,126005
마포구,계,2022 년,127057
마포구,단독주택,2005 년,21203
마포구,단독주택,2010 년,17094
마포구,단독주택,2015 년,14302
마포구,단독주택,2016 년,13685
마포구,단독주택,2017 년,12607
마포구,단독주택,2018 년,12225
마포구,단독주택,2019 년,11854
마포구,단독주택,2020 년,11618
마포구,단독주택,2021 년,11171
마포구,단독주택,2022 년,10720
마포구,아파트,2005 년,39970
마포구,아파트,2010 년,50592
마포구,아파트,2015 년,63071
마포구,아파트,2016 년,65418
마포구,아파트,2017 년,66349
마포구,아파트,2018 년,66582
마포구,아파트,2019 년,68111
마포구,아파트,2020 년,70307
마포구,아파트,2021 년,73836
마포구,아파트,2022 년,74959
마포구,연립주택,2005 년,6228
마포구,연립주택,2010 년,6500
마포구,연립주택,2015 년,3683
마포구,연립주택,2016 년,3604
마포구,연립주택,2017 년,3464
마포구,연립주택,2018 년,3227
마포구,연립주택,2019 년,3165
마포구,연립주택,2020 년,3142
마포구,연립주택,2021 년,3127
마포구,연립주택,2022 년,3080
마포구,다세대주택,2005 년,20283
마포구,다세대주택,2010 년,21356
마포구,다세대주택,2015 년,33508
마포구,다세대주택,2016 년,34232
마포구,다세대주택,2017 년,34356
마포구,다세대주택,2018 년,35003
마포구,다세대주택,2019 년,34577
마포구,다세대주택,2020 년,35643
마포구,다세대주택,2021 년,36364
마포구,다세대주택,2022 년,36850
마포구,비거주용 건물내 주택,2005 년,1410
마포구,비거주용 건물내 주택,2010 년,1119
마포구,비거주용 건물내 주택,2015 년,1571
마포구,비거주용 건물내 주택,2016 년,1517
마포구,비거주용 건물내 주택,2017 년,1579
마포구,비거주용 건물내 주택,2018 년,1582
마포구,비거주용 건물내 주택,2019 년,1591
마포구,비거주용 건물내 주택,2020 년,1601
마포구,비거주용 건물내 주택,2021 년,1507
마포구,비거주용 건물내 주택,2022 년,1448
양천구,계,2005 년,113643
양천구,계,2010 년,120821
양천구,계,2015 년,134097
양천구,계,2016 년,137651
양천구,계,2017 년,137056
양천구,계,2018 년,137850
양천구,계,2019 년,139938
양천구,계,2020 년,143769
양천구,계,2021 년,145843
양천구,계,2022 년,146886
양천구,단독주택,2005 년,12383
양천구,단독주택,2010 년,11470
양천구,단독주택,2015 년,9907
양천구,단독주택,2016 년,9547
양천구,단독주택,2017 년,8370
양천구,단독주택,2018 년,7990
양천구,단독주택,2019 년,7818
양천구,단독주택,2020 년,7698
양천구,단독주택,2021 년,7597
양천구,단독주택,2022 년,7519
양천구,아파트,2005 년,70879
양천구,아파트,2010 년,77522
양천구,아파트,2015 년,83827
양천구,아파트,2016 년,85474
양천구,아파트,2017 년,85758
양천구,아파트,2018 년,85921
양천구,아파트,2019 년,87387
양천구,아파트,2020 년,90788
양천구,아파트,2021 년,92278
양천구,아파트,2022 년,92705
양천구,연립주택,2005 년,7476
양천구,연립주택,2010 년,6717
양천구,연립주택,2015 년,4459
양천구,연립주택,2016 년,4531
양천구,연립주택,2017 년,4265
양천구,연립주택,2018 년,4225
양천구,연립주택,2019 년,4144
양천구,연립주택,2020 년,4042
양천구,연립주택,2021 년,3954
양천구,연립주택,2022 년,3965
양천구,다세대주택,2005 년,21951
양천구,다세대주택,2010 년,24362
양천구,다세대주택,2015 년,34948
양천구,다세대주택,2016 년,37225
양천구,다세대주택,2017 년,37784
양천구,다세대주택,2018 년,38855
양천구,다세대주택,2019 년,39730
양천구,다세대주택,2020 년,40382
양천구,다세대주택,2021 년,41185
양천구,다세대주택,2022 년,41885
양천구,비거주용 건물내 주택,2005 년,954
양천구,비거주용 건물내 주택,2010 년,750
양천구,비거주용 건물내 주택,2015 년,956
양천구,비거주용 건물내 주택,2016 년,874
양천구,비거주용 건물내 주택,2017 년,879
양천구,비거주용 건물내 주택,2018 년,859
양천구,비거주용 건물내 주택,2019 년,859
양천구,비거주용 건물내 주택,2020 년,859
양천구,비거주용 건물내 주택,2021 년,829
양천구,비거주용 건물내 주택,2022 년,812
강서구,계,2005 년,134823
강서구,계,2010 년,150333
강서구,계,2015 년,179045
강서구,계,2016 년,184422
강서구,계,2017 년,188176
강서구,계,2018 년,190525
강서구,계,2019 년,193551
강서구,계,2020 년,195383
강서구,계,2021 년,199556
강서구,계,2022 년,201611
강서구,단독주택,2005 년,15160
강서구,단독주택,2010 년,13363
강서구,단독주택,2015 년,11671
강서구,단독주택,2016 년,11310
강서구,단독주택,2017 년,10895
강서구,단독주택,2018 년,10697
강서구,단독주택,2019 년,10456
강서구,단독주택,2020 년,10260
강서구,단독주택,2021 년,10060
강서구,단독주택,2022 년,9717
강서구,아파트,2005 년,78757
강서구,아파트,2010 년,91342
강서구,아파트,2015 년,107304
강서구,아파트,2016 년,109403
강서구,아파트,2017 년,111037
강서구,아파트,2018 년,111811
강서구,아파트,2019 년,113076
강서구,아파트,2020 년,113767
강서구,아파트,2021 년,116965
강서구,아파트,2022 년,117945
강서구,연립주택,2005 년,7859
강서구,연립주택,2010 년,6548
강서구,연립주택,2015 년,5306
강서구,연립주택,2016 년,5218
강서구,연립주택,2017 년,5134
강서구,연립주택,2018 년,4966
강서구,연립주택,2019 년,4853
강서구,연립주택,2020 년,4794
강서구,연립주택,2021 년,4752
강서구,연립주택,2022 년,4751
강서구,다세대주택,2005 년,31713
강서구,다세대주택,2010 년,38010
강서구,다세대주택,2015 년,53569
강서구,다세대주택,2016 년,57345
강서구,다세대주택,2017 년,59950
강서구,다세대주택,2018 년,61900
강서구,다세대주택,2019 년,64018
강서구,다세대주택,2020 년,65426
강서구,다세대주택,2021 년,66670
강서구,다세대주택,2022 년,68125
강서구,비거주용 건물내 주택,2005 년,1334
강서구,비거주용 건물내 주택,2010 년,1070
강서구,비거주용 건물내 주택,2015 년,1195
강서구,비거주용 건물내 주택,2016 년,1146
강서구,비거주용 건물내 주택,2017 년,1160
강서구,비거주용 건물내 주택,2018 년,1151
강서구,비거주용 건물내 주택,2019 년,1148
강서구,비거주용 건물내 주택,2020 년,1136
강서구,비거주용 건물내 주택,2021 년,1109
강서구,비거주용 건물내 주택,2022 년,1073
구로구,계,2005 년,93720
구로구,계,2010 년,101947
구로구,계,2015 년,118047
구로구,계,2016 년,120431
구로구,계,2017 년,121684
구로구,계,2018 년,124569
구로구,계,2019 년,129693
구로구,계,2020 년,133012
구로구,계,2021 년,134367
구로구,계,2022 년,137403
구로구,단독주택,2005 년,14945
구로구,단독주택,2010 년,13935
구로구,단독주택,2015 년,12469
구로구,단독주택,2016 년,12311
구로구,단독주택,2017 년,12008
구로구,단독주택,2018 년,11827
구로구,단독주택,2019 년,11692
구로구,단독주택,2020 년,11474
구로구,단독주택,2021 년,11316
구로구,단독주택,2022 년,11182
구로구,아파트,2005 년,52778
구로구,아파트,2010 년,62302
구로구,아파트,2015 년,74594
구로구,아파트,2016 년,75180
구로구,아파트,2017 년,75540
구로구,아파트,2018 년,77194
구로구,아파트,2019 년,81131
구로구,아파트,2020 년,83459
구로구,아파트,2021 년,83841
구로구,아파트,2022 년,86340
구로구,연립주택,2005 년,9096
구로구,연립주택,2010 년,9348
구로구,연립주택,2015 년,7362
구로구,연립주택,2016 년,7471
구로구,연립주택,2017 년,7405
구로구,연립주택,2018 년,7392
구로구,연립주택,2019 년,7399
구로구,연립주택,2020 년,7388
구로구,연립주택,2021 년,7495
구로구,연립주택,2022 년,7518
구로구,다세대주택,2005 년,15935
구로구,다세대주택,2010 년,15650
구로구,다세대주택,2015 년,22783
구로구,다세대주택,2016 년,24639
구로구,다세대주택,2017 년,25884
구로구,다세대주택,2018 년,27310
구로구,다세대주택,2019 년,28622
구로구,다세대주택,2020 년,29852
구로구,다세대주택,2021 년,30883
구로구,다세대주택,2022 년,31551
구로구,비거주용 건물내 주택,2005 년,966
구로구,비거주용 건물내 주택,2010 년,712
구로구,비거주용 건물내 주택,2015 년,839
구로구,비거주용 건물내 주택,2016 년,830
구로구,비거주용 건물내 주택,2017 년,847
구로구,비거주용 건물내 주택,2018 년,846
구로구,비거주용 건물내 주택,2019 년,849
구로구,비거주용 건물내 주택,2020 년,839
구로구,비거주용 건물내 주택,2021 년,832
구로구,비거주용 건물내 주택,2022 년,812
금천구,계,2005 년,48837
금천구,계,2010 년,48781
금천구,계,2015 년,57096
금천구,계,2016 년,58938
금천구,계,2017 년,62314
금천구,계,2018 년,65244
금천구,계,2019 년,67012
금천구,계,2020 년,68804
금천구,계,2021 년,71117
금천구,계,2022 년,72044
금천구,단독주택,2005 년,11723
금천구,단독주택,2010 년,11027
금천구,단독주택,2015 년,9776
금천구,단독주택,2016 년,9606
금천구,단독주택,2017 년,9410
금천구,단독주택,2018 년,9217
금천구,단독주택,2019 년,9011
금천구,단독주택,2020 년,8807
금천구,단독주택,2021 년,8645
금천구,단독주택,2022 년,8507
금천구,아파트,2005 년,24658
금천구,아파트,2010 년,24394
금천구,아파트,2015 년,27342
금천구,아파트,2016 년,27470
금천구,아파트,2017 년,29385
금천구,아파트,2018 년,30918
금천구,아파트,2019 년,30996
금천구,아파트,2020 년,31689
금천구,아파트,2021 년,32995
금천구,아파트,2022 년,33231
금천구,연립주택,2005 년,5703
금천구,연립주택,2010 년,5317
금천구,연립주택,2015 년,3937
금천구,연립주택,2016 년,3949
금천구,연립주택,2017 년,3923
금천구,연립주택,2018 년,3872
금천구,연립주택,2019 년,3913
금천구,연립주택,2020 년,3914
금천구,연립주택,2021 년,3954
금천구,연립주택,2022 년,3929
금천구,다세대주택,2005 년,6193
금천구,다세대주택,2010 년,7591
금천구,다세대주택,2015 년,15549
금천구,다세대주택,2016 년,17412
금천구,다세대주택,2017 년,19056
금천구,다세대주택,2018 년,20696
금천구,다세대주택,2019 년,22548
금천구,다세대주택,2020 년,23859
금천구,다세대주택,2021 년,25002
금천구,다세대주택,2022 년,25869
금천구,비거주용 건물내 주택,2005 년,560
금천구,비거주용 건물내 주택,2010 년,452
금천구,비거주용 건물내 주택,2015 년,492
금천구,비거주용 건물내 주택,2016 년,501
금천구,비거주용 건물내 주택,2017 년,540
금천구,비거주용 건물내 주택,2018 년,541
금천구,비거주용 건물내 주택,2019 년,544
금천구,비거주용 건물내 주택,2020 년,535
금천구,비거주용 건물내 주택,2021 년,521
금천구,비거주용 건물내 주택,2022 년,508
영등포구,계,2005 년,83660
영등포구,계,2010 년,87290
영등포구,계,2015 년,96195
영등포구,계,2016 년,97089
영등포구,계,2017 년,99225
영등포구,계,2018 년,99971
영등포구,계,2019 년,101603
영등포구,계,2020 년,107366
영등포구,계,2021 년,110396
영등포구,계,2022 년,112068
영등포구,단독주택,2005 년,20406
영등포구,단독주택,2010 년,19238
영등포구,단독주택,2015 년,17306
영등포구,단독주택,2016 년,16998
영등포구,단독주택,2017 년,15401
영등포구,단독주택,2018 년,14644
영등포구,단독주택,2019 년,14378
영등포구,단독주택,2020 년,14276
영등포구,단독주택,2021 년,14054
영등포구,단독주택,2022 년,13623
영등포구,아파트,2005 년,54479
영등포구,아파트,2010 년,58808
영등포구,아파트,2015 년,65088
영등포구,아파트,2016 년,65390
영등포구,아파트,2017 년,68204
영등포구,아파트,2018 년,68984
영등포구,아파트,2019 년,69946
영등포구,아파트,2020 년,74957
영등포구,아파트,2021 년,77550
영등포구,아파트,2022 년,79110
영등포구,연립주택,2005 년,2871
영등포구,연립주택,2010 년,2590
영등포구,연립주택,2015 년,1562
영등포구,연립주택,2016 년,1500
영등포구,연립주택,2017 년,1500
영등포구,연립주택,2018 년,1486
영등포구,연립주택,2019 년,1502
영등포구,연립주택,2020 년,1487
영등포구,연립주택,2021 년,1501
영등포구,연립주택,2022 년,1581
영등포구,다세대주택,2005 년,4717
영등포구,다세대주택,2010 년,5740
영등포구,다세대주택,2015 년,11112
영등포구,다세대주택,2016 년,12112
영등포구,다세대주택,2017 년,12928
영등포구,다세대주택,2018 년,13674
영등포구,다세대주택,2019 년,14595
영등포구,다세대주택,2020 년,15474
영등포구,다세대주택,2021 년,16134
영등포구,다세대주택,2022 년,16644
영등포구,비거주용 건물내 주택,2005 년,1187
영등포구,비거주용 건물내 주택,2010 년,914
영등포구,비거주용 건물내 주택,2015 년,1127
영등포구,비거주용 건물내 주택,2016 년,1089
영등포구,비거주용 건물내 주택,2017 년,1192
영등포구,비거주용 건물내 주택,2018 년,1183
영등포구,비거주용 건물내 주택,2019 년,1182
영등포구,비거주용 건물내 주택,2020 년,1172
영등포구,비거주용 건물내 주택,2021 년,1157
영등포구,비거주용 건물내 주택,2022 년,1110
동작구,계,2005 년,87388
동작구,계,2010 년,92224
동작구,계,2015 년,109362
동작구,계,2016 년,111438
동작구,계,2017 년,111548
동작구,계,2018 년,112032
동작구,계,2019 년,115075
동작구,계,2020 년,115615
동작구,계,2021 년,119534
동작구,계,2022 년,120374
동작구,단독주택,2005 년,21649
동작구,단독주택,2010 년,18842
동작구,단독주택,2015 년,17113
동작구,단독주택,2016 년,16283
동작구,단독주택,2017 년,15626
동작구,단독주택,2018 년,14889
동작구,단독주택,2019 년,14661
동작구,단독주택,2020 년,14522
동작구,단독주택,2021 년,14362
동작구,단독주택,2022 년,14058
동작구,아파트,2005 년,41366
동작구,아파트,2010 년,47882
동작구,아파트,2015 년,56969
동작구,아파트,2016 년,58232
동작구,아파트,2017 년,58320
동작구,아파트,2018 년,59188
동작구,아파트,2019 년,61596
동작구,아파트,2020 년,61606
동작구,아파트,2021 년,65242
동작구,아파트,2022 년,65921
동작구,연립주택,2005 년,5893
동작구,연립주택,2010 년,6242
동작구,연립주택,2015 년,5475
동작구,연립주택,2016 년,5368
동작구,연립주택,2017 년,5236
동작구,연립주택,2018 년,5152
동작구,연립주택,2019 년,5161
동작구,연립주택,2020 년,5289
동작구,연립주택,2021 년,5209
동작구,연립주택,2022 년,5157
동작구,다세대주택,2005 년,17552
동작구,다세대주택,2010 년,18474
동작구,다세대주택,2015 년,28726
동작구,다세대주택,2016 년,30489
동작구,다세대주택,2017 년,31283
동작구,다세대주택,2018 년,31713
동작구,다세대주택,2019 년,32557
동작구,다세대주택,2020 년,33103
동작구,다세대주택,2021 년,33669
동작구,다세대주택,2022 년,34212
동작구,비거주용 건물내 주택,2005 년,928
동작구,비거주용 건물내 주택,2010 년,784
동작구,비거주용 건물내 주택,2015 년,1079
동작구,비거주용 건물내 주택,2016 년,1066
동작구,비거주용 건물내 주택,2017 년,1083
동작구,비거주용 건물내 주택,2018 년,1090
동작구,비거주용 건물내 주택,2019 년,1100
동작구,비거주용 건물내 주택,2020 년,1095
동작구,비거주용 건물내 주택,2021 년,1052
동작구,비거주용 건물내 주택,2022 년,1026
관악구,계,2005 년,102060
관악구,계,2010 년,107225
관악구,계,2015 년,121277
관악구,계,2016 년,123911
관악구,계,2017 년,124170
관악구,계,2018 년,125148
관악구,계,2019 년,126526
관악구,계,2020 년,127568
관악구,계,2021 년,127783
관악구,계,2022 년,129778
관악구,단독주택,2005 년,27190
관악구,단독주택,2010 년,25478
관악구,단독주택,2015 년,23159
관악구,단독주택,2016 년,22636
관악구,단독주택,2017 년,22196
관악구,단독주택,2018 년,21584
관악구,단독주택,2019 년,21510
관악구,단독주택,2020 년,21249
관악구,단독주택,2021 년,21109
관악구,단독주택,2022 년,20855
관악구,아파트,2005 년,43044
관악구,아파트,2010 년,49037
관악구,아파트,2015 년,53262
관악구,아파트,2016 년,54551
관악구,아파트,2017 년,53548
관악구,아파트,2018 년,53915
관악구,아파트,2019 년,54355
관악구,아파트,2020 년,55417
관악구,아파트,2021 년,55524
관악구,아파트,2022 년,57133
관악구,연립주택,2005 년,8008
관악구,연립주택,2010 년,10124
관악구,연립주택,2015 년,6489
관악구,연립주택,2016 년,6479
관악구,연립주택,2017 년,6498
관악구,연립주택,2018 년,6442
관악구,연립주택,2019 년,6438
관악구,연립주택,2020 년,6218
관악구,연립주택,2021 년,6214
관악구,연립주택,2022 년,6224
관악구,다세대주택,2005 년,22419
관악구,다세대주택,2010 년,21440
관악구,다세대주택,2015 년,36436
관악구,다세대주택,2016 년,38369
관악구,다세대주택,2017 년,40024
관악구,다세대주택,2018 년,41274
관악구,다세대주택,2019 년,42253
관악구,다세대주택,2020 년,42770
관악구,다세대주택,2021 년,43014
관악구,다세대주택,2022 년,43684
관악구,비거주용 건물내 주택,2005 년,1399
관악구,비거주용 건물내 주택,2010 년,1146
관악구,비거주용 건물내 주택,2015 년,1931
관악구,비거주용 건물내 주택,2016 년,1876
관악구,비거주용 건물내 주택,2017 년,1904
관악구,비거주용 건물내 주택,2018 년,1933
관악구,비거주용 건물내 주택,2019 년,1970
관악구,비거주용 건물내 주택,2020 년,1914
관악구,비거주용 건물내 주택,2021 년,1922
관악구,비거주용 건물내 주택,2022 년,1882
서초구,계,2005 년,93010
서초구,계,2010 년,106448
서초구,계,2015 년,125403
서초구,계,2016 년,129491
서초구,계,2017 년,128977
서초구,계,2018 년,132040
서초구,계,2019 년,131777
서초구,계,2020 년,133528
서초구,계,2021 년,135171
서초구,계,2022 년,132706
서초구,단독주택,2005 년,8654
서초구,단독주택,2010 년,7911
서초구,단독주택,2015 년,6773
서초구,단독주택,2016 년,6696
서초구,단독주택,2017 년,6491
서초구,단독주택,2018 년,6395
서초구,단독주택,2019 년,6331
서초구,단독주택,2020 년,5481
서초구,단독주택,2021 년,5326
서초구,단독주택,2022 년,5187
서초구,아파트,2005 년,63886
서초구,아파트,2010 년,78497
서초구,아파트,2015 년,90084
서초구,아파트,2016 년,92424
서초구,아파트,2017 년,91064
서초구,아파트,2018 년,93299
서초구,아파트,2019 년,92106
서초구,아파트,2020 년,94499
서초구,아파트,2021 년,95298
서초구,아파트,2022 년,92711
서초구,연립주택,2005 년,6397
서초구,연립주택,2010 년,6179
서초구,연립주택,2015 년,5722
서초구,연립주택,2016 년,5686
서초구,연립주택,2017 년,5647
서초구,연립주택,2018 년,5592
서초구,연립주택,2019 년,5489
서초구,연립주택,2020 년,5356
서초구,연립주택,2021 년,5286
서초구,연립주택,2022 년,5287
서초구,다세대주택,2005 년,12738
서초구,다세대주택,2010 년,12705
서초구,다세대주택,2015 년,21474
서초구,다세대주택,2016 년,23389
서초구,다세대주택,2017 년,24436
서초구,다세대주택,2018 년,25426
서초구,다세대주택,2019 년,26531
서초구,다세대주택,2020 년,26931
서초구,다세대주택,2021 년,28062
서초구,다세대주택,2022 년,28377
서초구,비거주용 건물내 주택,2005 년,1335
서초구,비거주용 건물내 주택,2010 년,1156
서초구,비거주용 건물내 주택,2015 년,1350
서초구,비거주용 건물내 주택,2016 년,1296
서초구,비거주용 건물내 주택,2017 년,1339
서초구,비거주용 건물내 주택,2018 년,1328
서초구,비거주용 건물내 주택,2019 년,1320
서초구,비거주용 건물내 주택,2020 년,1261
서초구,비거주용 건물내 주택,2021 년,1199
서초구,비거주용 건물내 주택,2022 년,1144
강남구,계,2005 년,131383
강남구,계,2010 년,146417
강남구,계,2015 년,176654
강남구,계,2016 년,176135
강남구,계,2017 년,173282
강남구,계,2018 년,171431
강남구,계,2019 년,170444
강남구,계,2020 년,173745
강남구,계,2021 년,175536
강남구,계,2022 년,178493
강남구,단독주택,2005 년,9601
강남구,단독주택,2010 년,9207
강남구,단독주택,2015 년,7437
강남구,단독주택,2016 년,7470
강남구,단독주택,2017 년,7334
강남구,단독주택,2018 년,7283
강남구,단독주택,2019 년,7196
강남구,단독주택,2020 년,6968
강남구,단독주택,2021 년,6500
강남구,단독주택,2022 년,6223
강남구,아파트,2005 년,99738
강남구,아파트,2010 년,115262
강남구,아파트,2015 년,133127
강남구,아파트,2016 년,130924
강남구,아파트,2017 년,127206
강남구,아파트,2018 년,124418
강남구,아파트,2019 년,122664
강남구,아파트,2020 년,126023
강남구,아파트,2021 년,128437
강남구,아파트,2022 년,131599
강남구,연립주택,2005 년,4820
강남구,연립주택,2010 년,6059
강남구,연립주택,2015 년,6106
강남구,연립주택,2016 년,6186
강남구,연립주택,2017 년,6149
강남구,연립주택,2018 년,6121
강남구,연립주택,2019 년,5919
강남구,연립주택,2020 년,5827
강남구,연립주택,2021 년,5735
강남구,연립주택,2022 년,5649
강남구,다세대주택,2005 년,15411
강남구,다세대주택,2010 년,14534
강남구,다세대주택,2015 년,28122
강남구,다세대주택,2016 년,29789
강남구,다세대주택,2017 년,30806
강남구,다세대주택,2018 년,31817
강남구,다세대주택,2019 년,32872
강남구,다세대주택,2020 년,33190
강남구,다세대주택,2021 년,33232
강남구,다세대주택,2022 년,33469
강남구,비거주용 건물내 주택,2005 년,1813
강남구,비거주용 건물내 주택,2010 년,1355
강남구,비거주용 건물내 주택,2015 년,1862
강남구,비거주용 건물내 주택,2016 년,1766
강남구,비거주용 건물내 주택,2017 년,1787
강남구,비거주용 건물내 주택,2018 년,1792
강남구,비거주용 건물내 주택,2019 년,1793
강남구,비거주용 건물내 주택,2020 년,1737
강남구,비거주용 건물내 주택,2021 년,1632
강남구,비거주용 건물내 주택,2022 년,1553
송파구,계,2005 년,134676
송파구,계,2010 년,171156
송파구,계,2015 년,187030
송파구,계,2016 년,191349
송파구,계,2017 년,196672
송파구,계,2018 년,199739
송파구,계,2019 년,208692
송파구,계,2020 년,211578
송파구,계,2021 년,215731
송파구,계,2022 년,220192
송파구,단독주택,2005 년,13055
송파구,단독주택,2010 년,11789
송파구,단독주택,2015 년,10231
송파구,단독주택,2016 년,9875
송파구,단독주택,2017 년,9322
송파구,단독주택,2018 년,8441
송파구,단독주택,2019 년,8255
송파구,단독주택,2020 년,8072
송파구,단독주택,2021 년,7791
송파구,단독주택,2022 년,7657
송파구,아파트,2005 년,75808
송파구,아파트,2010 년,108201
송파구,아파트,2015 년,111685
송파구,아파트,2016 년,113627
송파구,아파트,2017 년,117214
송파구,아파트,2018 년,119226
송파구,아파트,2019 년,125800
송파구,아파트,2020 년,127239
송파구,아파트,2021 년,131487
송파구,아파트,2022 년,135070
송파구,연립주택,2005 년,5364
송파구,연립주택,2010 년,5738
송파구,연립주택,2015 년,5040
송파구,연립주택,2016 년,4909
송파구,연립주택,2017 년,4892
송파구,연립주택,2018 년,4797
송파구,연립주택,2019 년,4899
송파구,연립주택,2020 년,4900
송파구,연립주택,2021 년,4720
송파구,연립주택,2022 년,4766
송파구,다세대주택,2005 년,38775
송파구,다세대주택,2010 년,43896
송파구,다세대주택,2015 년,58287
송파구,다세대주택,2016 년,61297
송파구,다세대주택,2017 년,63581
송파구,다세대주택,2018 년,65656
송파구,다세대주택,2019 년,68133
송파구,다세대주택,2020 년,69796
송파구,다세대주택,2021 년,70238
송파구,다세대주택,2022 년,71257
송파구,비거주용 건물내 주택,2005 년,1674
송파구,비거주용 건물내 주택,2010 년,1532
송파구,비거주용 건물내 주택,2015 년,1787
송파구,비거주용 건물내 주택,2016 년,1641
송파구,비거주용 건물내 주택,2017 년,1663
송파구,비거주용 건물내 주택,2018 년,1619
송파구,비거주용 건물내 주택,2019 년,1605
송파구,비거주용 건물내 주택,2020 년,1571
송파구,비거주용 건물내 주택,2021 년,1495
송파구,비거주용 건물내 주택,2022 년,1442
강동구,계,2005 년,90525
강동구,계,2010 년,107653
강동구,계,2015 년,119824
강동구,계,2016 년,116063
강동구,계,2017 년,120940
강동구,계,2018 년,122718
강동구,계,2019 년,123014
강동구,계,2020 년,137876
강동구,계,2021 년,146249
강동구,계,2022 년,148323
강동구,단독주택,2005 년,14055
강동구,단독주택,2010 년,13263
강동구,단독주택,2015 년,11345
강동구,단독주택,2016 년,11035
강동구,단독주택,2017 년,10742
강동구,단독주택,2018 년,10467
강동구,단독주택,2019 년,10220
강동구,단독주택,2020 년,9956
강동구,단독주택,2021 년,9672
강동구,단독주택,2022 년,9411
강동구,아파트,2005 년,58081
강동구,아파트,2010 년,74939
강동구,아파트,2015 년,78697
강동구,아파트,2016 년,71613
강동구,아파트,2017 년,75263
강동구,아파트,2018 년,75473
강동구,아파트,2019 년,73505
강동구,아파트,2020 년,87159
강동구,아파트,2021 년,94531
강동구,아파트,2022 년,95721
강동구,연립주택,2005 년,4724
강동구,연립주택,2010 년,4345
강동구,연립주택,2015 년,3704
강동구,연립주택,2016 년,3640
강동구,연립주택,2017 년,3551
강동구,연립주택,2018 년,3512
강동구,연립주택,2019 년,3165
강동구,연립주택,2020 년,3114
강동구,연립주택,2021 년,3199
강동구,연립주택,2022 년,3216
강동구,다세대주택,2005 년,12452
강동구,다세대주택,2010 년,14084
강동구,다세대주택,2015 년,24886
강동구,다세대주택,2016 년,28645
강동구,다세대주택,2017 년,30251
강동구,다세대주택,2018 년,32149
강동구,다세대주택,2019 년,35001
강동구,다세대주택,2020 년,36562
강동구,다세대주택,2021 년,37790
강동구,다세대주택,2022 년,38934
강동구,비거주용 건물내 주택,2005 년,1213
강동구,비거주용 건물내 주택,2010 년,1022
강동구,비거주용 건물내 주택,2015 년,1192
강동구,비거주용 건물내 주택,2016 년,1130
강동구,비거주용 건물내 주택,2017 년,1133
강동구,비거주용 건물내 주택,2018 년,1117
강동구,비거주용 건물내 주택,2019 년,1123
강동구,비거주용 건물내 주택,2020 년,1085
강동구,비거주용 건물내 주택,2021 년,1057
강동구,비거주용 건물내 주택,2022 년,1041
